Timestamp,Gsr
1739356973.451,4.845853
1739356973.701,4.84329
1739356973.951,4.845853
1739356974.201,4.839447
1739356974.451,4.834321
1739356974.701,4.83304
1739356974.951,4.830478
1739356975.201,4.827915
1739356975.451,4.831759
1739356975.701,4.820228
1739356975.951,4.82279
1739356976.201,4.839447
1739356976.451,4.83304
1739356976.701,4.826634
1739356976.951,4.827915
1739356977.201,4.821509
1739356977.451,4.824071
1739356977.701,4.827915
1739356977.951,4.825353
1739356978.201,4.826634
1739356978.451,4.818946
1739356978.701,4.818946
1739356978.951,4.820228
1739356979.201,4.813821
1739356979.451,4.804852
1739356979.701,4.80229
1739356979.951,4.798446
1739356980.201,4.797165
1739356980.451,4.801009
1739356980.701,4.804852
1739356980.951,4.808696
1739356981.201,4.809978
1739356981.451,4.820228
1739356981.701,4.81254
1739356981.951,4.81254
1739356982.201,4.809978
1739356982.451,4.81254
1739356982.701,4.804852
1739356982.951,4.798446
1739356983.201,4.807415
1739356983.451,4.795884
1739356983.701,4.79204
1739356983.951,4.794602
1739356984.201,4.79204
1739356984.451,4.788197
1739356984.701,4.784353
1739356984.951,4.780509
1739356985.201,4.785634
1739356985.451,4.784353
1739356985.701,4.78179
1739356985.951,4.772821
1739356986.201,4.77154
1739356986.451,4.772821
1739356986.701,4.762571
1739356986.951,4.760009
1739356987.201,4.766415
1739356987.451,4.762571
1739356987.701,4.758728
1739356987.951,4.762571
1739356988.201,4.766415
1739356988.451,4.757446
1739356988.701,4.754884
1739356988.951,4.757446
1739356989.201,4.753603
1739356989.451,4.749759
1739356989.701,4.747196
1739356989.951,4.739509
1739356990.201,4.734384
1739356990.451,4.735665
1739356990.701,4.729259
1739356990.951,4.726696
1739356991.201,4.738227
1739356991.451,4.734384
1739356991.701,4.73054
1739356991.951,4.733102
1739356992.201,4.729259
1739356992.451,4.725415
1739356992.701,4.725415
1739356992.951,4.725415
1739356993.201,4.719008
1739356993.451,4.72029
1739356993.701,4.711321
1739356993.951,4.71004
1739356994.201,4.707478
1739356994.451,4.708758
1739356994.701,4.704915
1739356994.951,4.702353
1739356995.201,4.707478
1739356995.451,4.701071
1739356995.701,4.708758
1739356995.951,4.706196
1739356996.201,4.71004
1739356996.451,4.702353
1739356996.701,4.701071
1739356996.951,4.701071
1739356997.201,4.695946
1739356997.451,4.686977
1739356997.701,4.686977
1739356997.951,4.685696
1739356998.201,4.67929
1739356998.451,4.680571
1739356998.701,4.672884
1739356998.951,4.681852
1739356999.201,4.676727
1739356999.451,4.676727
1739356999.701,4.676727
1739356999.951,4.684415
1739357000.201,4.676727
1739357000.451,4.676727
1739357000.701,4.675446
1739357000.951,4.675446
1739357001.201,4.667758
1739357001.451,4.663915
1739357001.701,4.661352
1739357001.951,4.653665
1739357002.201,4.656227
1739357002.451,4.660071
1739357002.701,4.653665
1739357002.951,4.653665
1739357003.201,4.656227
1739357003.451,4.654946
1739357003.701,4.654946
1739357003.951,4.651102
1739357004.201,4.645977
1739357004.451,4.645977
1739357004.701,4.639571
1739357004.951,4.638289
1739357005.201,4.637008
1739357005.451,4.635727
1739357005.701,4.631883
1739357005.951,4.631883
1739357006.201,4.631883
1739357006.451,4.633164
1739357006.701,4.631883
1739357006.951,4.633164
1739357007.201,4.635727
1739357007.451,4.631883
1739357007.701,4.631883
1739357007.951,4.626759
1739357008.201,4.625477
1739357008.451,4.624196
1739357008.701,4.613946
1739357008.951,4.610102
1739357009.201,4.60754
1739357009.451,4.612665
1739357009.701,4.606258
1739357009.951,4.603696
1739357010.201,4.602415
1739357010.451,4.610102
1739357010.701,4.610102
1739357010.951,4.60754
1739357011.201,4.608821
1739357011.451,4.603696
1739357011.701,4.602415
1739357011.951,4.601133
1739357012.201,4.596008
1739357012.451,4.590883
1739357012.701,4.585758
1739357012.951,4.580633
1739357013.201,4.589602
1739357013.451,4.589602
1739357013.701,4.584477
1739357013.951,4.590883
1739357014.201,4.588321
1739357014.451,4.584477
1739357014.701,4.581914
1739357014.951,4.581914
1739357015.201,4.578071
1739357015.451,4.576789
1739357015.701,4.571664
1739357015.951,4.570383
1739357016.201,4.572946
1739357016.451,4.567821
1739357016.701,4.567821
1739357016.951,4.576789
1739357017.201,4.587039
1739357017.451,4.590883
1739357017.701,4.590883
1739357017.951,4.585758
1739357018.201,4.578071
1739357018.451,4.558852
1739357018.701,4.551164
1739357018.951,4.537071
1739357019.201,4.529383
1739357019.451,4.521696
1739357019.701,4.521696
1739357019.951,4.521696
1739357020.201,4.517852
1739357020.451,4.520414
1739357020.701,4.514008
1739357020.951,4.522977
1739357021.201,4.519133
1739357021.451,4.510164
1739357021.701,4.512727
1739357021.951,4.511446
1739357022.201,4.512727
1739357022.451,4.502477
1739357022.701,4.50632
1739357022.951,4.502477
1739357023.201,4.498633
1739357023.451,4.499914
1739357023.701,4.489664
1739357023.951,4.497352
1739357024.201,4.493508
1739357024.451,4.499914
1739357024.701,4.490945
1739357024.951,4.497352
1739357025.201,4.489664
1739357025.451,4.488383
1739357025.701,4.487102
1739357025.951,4.483258
1739357026.201,4.479414
1739357026.451,4.47557
1739357026.701,4.47557
1739357026.951,4.47557
1739357027.201,4.469164
1739357027.451,4.467883
1739357027.701,4.474289
1739357027.951,4.473008
1739357028.201,4.473008
1739357028.451,4.471726
1739357028.701,4.474289
1739357028.951,4.466601
1739357029.201,4.462758
1739357029.451,4.457633
1739357029.701,4.456352
1739357029.951,4.449945
1739357030.201,4.453789
1739357030.451,4.447383
1739357030.701,4.447383
1739357030.951,4.452508
1739357031.201,4.451227
1739357031.451,4.452508
1739357031.701,4.456352
1739357031.951,4.45507
1739357032.201,4.458914
1739357032.451,4.461477
1739357032.701,4.448664
1739357032.951,4.451227
1739357033.201,4.442258
1739357033.451,4.44482
1739357033.701,4.438414
1739357033.951,4.437133
1739357034.201,4.43457
1739357034.451,4.438414
1739357034.701,4.439695
1739357034.951,4.432008
1739357035.201,4.435852
1739357035.451,4.43457
1739357035.701,4.433289
1739357035.951,4.426883
1739357036.201,4.430727
1739357036.451,4.423039
1739357036.701,4.422623
1739357036.951,4.418779
1739357037.201,4.418779
1739357037.451,4.420061
1739357037.701,4.420061
1739357037.951,4.420061
1739357038.201,4.418779
1739357038.451,4.422623
1739357038.701,4.423904
1739357038.951,4.418779
1739357039.201,4.423904
1739357039.451,4.426467
1739357039.701,4.423904
1739357039.951,4.426467
1739357040.201,4.420061
1739357040.451,4.425186
1739357040.701,4.413654
1739357040.951,4.414936
1739357041.201,4.414936
1739357041.451,4.413654
1739357041.701,4.409811
1739357041.951,4.412373
1739357042.201,4.411092
1739357042.451,4.407248
1739357042.701,4.405967
1739357042.951,4.404685
1739357043.201,4.396998
1739357043.451,4.39956
1739357043.701,4.38931
1739357043.951,4.388029
1739357044.201,4.391873
1739357044.451,4.38931
1739357044.701,4.381623
1739357044.951,4.385467
1739357045.201,4.380342
1739357045.451,4.385467
1739357045.701,4.382904
1739357045.951,4.380342
1739357046.201,4.381623
1739357046.451,4.373935
1739357046.701,4.371373
1739357046.951,4.366248
1739357047.201,4.362404
1739357047.451,4.363686
1739357047.701,4.358561
1739357047.951,4.357279
1739357048.201,4.357279
1739357048.451,4.357279
1739357048.701,4.353436
1739357048.951,4.357279
1739357049.201,4.353436
1739357049.451,4.353436
1739357049.701,4.353436
1739357049.951,4.347029
1739357050.201,4.34831
1739357050.451,4.340623
1739357050.701,4.335498
1739357050.951,4.330373
1739357051.201,4.329092
1739357051.451,4.325248
1739357051.701,4.329092
1739357051.951,4.322685
1739357052.201,4.325248
1739357052.451,4.326529
1739357052.701,4.323967
1739357052.951,4.322685
1739357053.201,4.321404
1739357053.451,4.322685
1739357053.701,4.321404
1739357053.951,4.318841
1739357054.201,4.312435
1739357054.451,4.309873
1739357054.701,4.304748
1739357054.951,4.304748
1739357055.201,4.299623
1739357055.451,4.300904
1739357055.701,4.306029
1739357055.951,4.302185
1739357056.201,4.299623
1739357056.451,4.300904
1739357056.701,4.300904
1739357056.951,4.293216
1739357057.201,4.291935
1739357057.451,4.288092
1739357057.701,4.282967
1739357057.951,4.282967
1739357058.201,4.275279
1739357058.451,4.272717
1739357058.701,4.271435
1739357058.951,4.272717
1739357059.201,4.270154
1739357059.451,4.272717
1739357059.701,4.273998
1739357059.951,4.271435
1739357060.201,4.272717
1739357060.451,4.26631
1739357060.701,4.265029
1739357060.951,4.257341
1739357061.201,4.254779
1739357061.451,4.258623
1739357061.701,4.249654
1739357061.951,4.248373
1739357062.201,4.252216
1739357062.451,4.252216
1739357062.701,4.252216
1739357062.951,4.248373
1739357063.201,4.244529
1739357063.451,4.240685
1739357063.701,4.238122
1739357063.951,4.238122
1739357064.201,4.231716
1739357064.451,4.226591
1739357064.701,4.22531
1739357064.951,4.226591
1739357065.201,4.22531
1739357065.451,4.224029
1739357065.701,4.221466
1739357065.951,4.22531
1739357066.201,4.227872
1739357066.451,4.224029
1739357066.701,4.222747
1739357066.951,4.218904
1739357067.201,4.21506
1739357067.451,4.216341
1739357067.701,4.209935
1739357067.951,4.203529
1739357068.201,4.202248
1739357068.451,4.19456
1739357068.701,4.193279
1739357068.951,4.188154
1739357069.201,4.19456
1739357069.451,4.186872
1739357069.701,4.190716
1739357069.951,4.188154
1739357070.201,4.188154
1739357070.451,4.18431
1739357070.701,4.180466
1739357070.951,4.180466
1739357071.201,4.179185
1739357071.451,4.17406
1739357071.701,4.167654
1739357071.951,4.166372
1739357072.201,4.162529
1739357072.451,4.162529
1739357072.701,4.156122
1739357072.951,4.157403
1739357073.201,4.161247
1739357073.451,4.162529
1739357073.701,4.161247
1739357073.951,4.157403
1739357074.201,4.154841
1739357074.451,4.152278
1739357074.701,4.152278
1739357074.951,4.145872
1739357075.201,4.144591
1739357075.451,4.142028
1739357075.701,4.134341
1739357075.951,4.135622
1739357076.201,4.129216
1739357076.451,4.130497
1739357076.701,4.129216
1739357076.951,4.13306
1739357077.201,4.131778
1739357077.451,4.127935
1739357077.701,4.126654
1739357077.951,4.12281
1739357078.201,4.126654
1739357078.451,4.121529
1739357078.701,4.116404
1739357078.951,4.113841
1739357079.201,4.108716
1739357079.451,4.109997
1739357079.701,4.107435
1739357079.951,4.103591
1739357080.201,4.098466
1739357080.451,4.103591
1739357080.701,4.099747
1739357080.951,4.093341
1739357081.201,4.097185
1739357081.451,4.09206
1739357081.701,4.093341
1739357081.951,4.09206
1739357082.201,4.094622
1739357082.451,4.090778
1739357082.701,4.090778
1739357082.951,4.080528
1739357083.201,4.077966
1739357083.451,4.080528
1739357083.701,4.074122
1739357083.951,4.072841
1739357084.201,4.076684
1739357084.451,4.075403
1739357084.701,4.072841
1739357084.951,4.076684
1739357085.201,4.075403
1739357085.451,4.072841
1739357085.701,4.062591
1739357085.951,4.067716
1739357086.201,4.062591
1739357086.451,4.066434
1739357086.701,4.054903
1739357086.951,4.051059
1739357087.201,4.057466
1739357087.451,4.051059
1739357087.701,4.045935
1739357087.951,4.045935
1739357088.201,4.042091
1739357088.451,4.04081
1739357088.701,4.047216
1739357088.951,4.039528
1739357089.201,4.045935
1739357089.451,4.044653
1739357089.701,4.04081
1739357089.951,4.034403
1739357090.201,4.03056
1739357090.451,4.025434
1739357090.701,4.026716
1739357090.951,4.026716
1739357091.201,4.021591
1739357091.451,4.019028
1739357091.701,4.019028
1739357091.951,4.021591
1739357092.201,4.016466
1739357092.451,4.024153
1739357092.701,4.019028
1739357092.951,4.013903
1739357093.201,4.017747
1739357093.451,4.016466
1739357093.701,4.006216
1739357093.951,4.003653
1739357094.201,4.001091
1739357094.451,4.004934
1739357094.701,3.998528
1739357094.951,3.999809
1739357095.201,3.997247
1739357095.451,3.999809
1739357095.701,3.999809
1739357095.951,3.997247
1739357096.201,4.003653
1739357096.451,3.993403
1739357096.701,3.994684
1739357096.951,3.993403
1739357097.201,3.984434
1739357097.451,3.978028
1739357097.701,3.975466
1739357097.951,3.974184
1739357098.201,3.978028
1739357098.451,3.974184
1739357098.701,3.966497
1739357098.951,3.966497
1739357099.201,3.974184
1739357099.451,3.966497
1739357099.701,3.969059
1739357099.951,3.971622
1739357100.201,3.967778
1739357100.451,3.97034
1739357100.701,3.97034
1739357100.951,3.969059
1739357101.201,3.965215
1739357101.451,3.957528
1739357101.701,3.957528
1739357101.951,3.96009
1739357102.201,3.961372
1739357102.451,3.954965
1739357102.701,3.951122
1739357102.951,3.953684
1739357103.201,3.953684
1739357103.451,3.956247
1739357103.701,3.952403
1739357103.951,3.94984
1739357104.201,3.94984
1739357104.451,3.951122
1739357104.701,3.944715
1739357104.951,3.940872
1739357105.201,3.934465
1739357105.451,3.930622
1739357105.701,3.926778
1739357105.951,3.925497
1739357106.201,3.924685
1739357106.451,3.924685
1739357106.701,3.924685
1739357106.951,3.924685
1739357107.201,3.923404
1739357107.451,3.920841
1739357107.701,3.915716
1739357107.951,3.914435
1739357108.201,3.911872
1739357108.451,3.913153
1739357108.701,3.904185
1739357108.951,3.902904
1739357109.201,3.902904
1739357109.451,3.897779
1739357109.701,3.892653
1739357109.951,3.891372
1739357110.201,3.890091
1739357110.451,3.893935
1739357110.701,3.887528
1739357110.951,3.890091
1739357111.201,3.887528
1739357111.451,3.886247
1739357111.701,3.884966
1739357111.951,3.887528
1739357112.201,3.877278
1739357112.451,3.872153
1739357112.701,3.867028
1739357112.951,3.868309
1739357113.201,3.869591
1739357113.451,3.863185
1739357113.701,3.864466
1739357113.951,3.865747
1739357114.201,3.868309
1739357114.451,3.863185
1739357114.701,3.860622
1739357114.951,3.856778
1739357115.201,3.855497
1739357115.451,3.855497
1739357115.701,3.850372
1739357115.951,3.849091
1739357116.201,3.851653
1739357116.451,3.846528
1739357116.701,3.843966
1739357116.951,3.84781
1739357117.201,3.840122
1739357117.451,3.842685
1739357117.701,3.843966
1739357117.951,3.841403
1739357118.201,3.840122
1739357118.451,3.834997
1739357118.701,3.834997
1739357118.951,3.838841
1739357119.201,3.828591
1739357119.451,3.826028
1739357119.701,3.819622
1739357119.951,3.818341
1739357120.201,3.822185
1739357120.451,3.818341
1739357120.701,3.813216
1739357120.951,3.81706
1739357121.201,3.815778
1739357121.451,3.811934
1739357121.701,3.809372
1739357121.951,3.808091
1739357122.201,3.808091
1739357122.451,3.806809
1739357122.701,3.799122
1739357122.951,3.797841
1739357123.201,3.793997
1739357123.451,3.792716
1739357123.701,3.790153
1739357123.951,3.790153
1739357124.201,3.792716
1739357124.451,3.792716
1739357124.701,3.796559
1739357124.951,3.790153
1739357125.201,3.787591
1739357125.451,3.787591
1739357125.701,3.781184
1739357125.951,3.779903
1739357126.201,3.781184
1739357126.451,3.776059
1739357126.701,3.769653
1739357126.951,3.769653
1739357127.201,3.763247
1739357127.451,3.763247
1739357127.701,3.769653
1739357127.951,3.763247
1739357128.201,3.761966
1739357128.451,3.761966
1739357128.701,3.755559
1739357128.951,3.752997
1739357129.201,3.750434
1739357129.451,3.754278
1739357129.701,3.747872
1739357129.951,3.754278
1739357130.201,3.749153
1739357130.451,3.745309
1739357130.701,3.751715
1739357130.951,3.747872
1739357131.201,3.747872
1739357131.451,3.742747
1739357131.701,3.738903
1739357131.951,3.736341
1739357132.201,3.735059
1739357132.451,3.728653
1739357132.701,3.727372
1739357132.951,3.729934
1739357133.201,3.724809
1739357133.451,3.72609
1739357133.701,3.72609
1739357133.951,3.72609
1739357134.201,3.724809
1739357134.451,3.719684
1739357134.701,3.71584
1739357134.951,3.710715
1739357135.201,3.709434
1739357135.451,3.708153
1739357135.701,3.706872
1739357135.951,3.704309
1739357136.201,3.700465
1739357136.451,3.703028
1739357136.701,3.703028
1739357136.951,3.70559
1739357137.201,3.706872
1739357137.451,3.706872
1739357137.701,3.70559
1739357137.951,3.706872
1739357138.201,3.709434
1739357138.451,3.701746
1739357138.701,3.699184
1739357138.951,3.696622
1739357139.201,3.696622
1739357139.451,3.694059
1739357139.701,3.696622
1739357139.951,3.688934
1739357140.201,3.691497
1739357140.451,3.690215
1739357140.701,3.683809
1739357140.951,3.687653
1739357141.201,3.690215
1739357141.451,3.686372
1739357141.701,3.679965
1739357141.951,3.681247
1739357142.201,3.677403
1739357142.451,3.676121
1739357142.701,3.676121
1739357142.951,3.665871
1739357143.201,3.662028
1739357143.451,3.658184
1739357143.701,3.65434
1739357143.951,3.660747
1739357144.201,3.651778
1739357144.451,3.651778
1739357144.701,3.645371
1739357144.951,3.640246
1739357145.201,3.647934
1739357145.451,3.64409
1739357145.701,3.645371
1739357145.951,3.641528
1739357146.201,3.637684
1739357146.451,3.642809
1739357146.701,3.637684
1739357146.951,3.64409
1739357147.201,3.631278
1739357147.451,3.629996
1739357147.701,3.628715
1739357147.951,3.631278
1739357148.201,3.624871
1739357148.451,3.626153
1739357148.701,3.624871
1739357148.951,3.62359
1739357149.201,3.619746
1739357149.451,3.62359
1739357149.701,3.621027
1739357149.951,3.621027
1739357150.201,3.618465
1739357150.451,3.61334
1739357150.701,3.609496
1739357150.951,3.609496
1739357151.201,3.606934
1739357151.451,3.601809
1739357151.701,3.595402
1739357151.951,3.601809
1739357152.201,3.591559
1739357152.451,3.590277
1739357152.701,3.590277
1739357152.951,3.588996
1739357153.201,3.586434
1739357153.451,3.590277
1739357153.701,3.591559
1739357153.951,3.591559
1739357154.201,3.59284
1739357154.451,3.588996
1739357154.701,3.586434
1739357154.951,3.583871
1739357155.201,3.581309
1739357155.451,3.58259
1739357155.701,3.577465
1739357155.951,3.57234
1739357156.201,3.57234
1739357156.451,3.568496
1739357156.701,3.565934
1739357156.951,3.568496
1739357157.201,3.559527
1739357157.451,3.56209
1739357157.701,3.567215
1739357157.951,3.565934
1739357158.201,3.559527
1739357158.451,3.56209
1739357158.701,3.558246
1739357158.951,3.558246
1739357159.201,3.559527
1739357159.451,3.553121
1739357159.701,3.554402
1739357159.951,3.555684
1739357160.201,3.545434
1739357160.451,3.54159
1739357160.701,3.540308
1739357160.951,3.537746
1739357161.201,3.539027
1739357161.451,3.536465
1739357161.701,3.530059
1739357161.951,3.528777
1739357162.201,3.530059
1739357162.451,3.53134
1739357162.701,3.522371
1739357162.951,3.524934
1739357163.201,3.52109
1739357163.451,3.519809
1739357163.701,3.522371
1739357163.951,3.51084
1739357164.201,3.512121
1739357164.451,3.514683
1739357164.701,3.504433
1739357164.951,3.505715
1739357165.201,3.501871
1739357165.451,3.499309
1739357165.701,3.50059
1739357165.951,3.499309
1739357166.201,3.503152
1739357166.451,3.498027
1739357166.701,3.503152
1739357166.951,3.501871
1739357167.201,3.501871
1739357167.451,3.498027
1739357167.701,3.496746
1739357167.951,3.489058
1739357168.201,3.485215
1739357168.451,3.486496
1739357168.701,3.48009
1739357168.951,3.48009
1739357169.201,3.485215
1739357169.451,3.474965
1739357169.701,3.478808
1739357169.951,3.481371
1739357170.201,3.481371
1739357170.451,3.478808
1739357170.701,3.478808
1739357170.951,3.473683
1739357171.201,3.471121
1739357171.451,3.473683
1739357171.701,3.464715
1739357171.951,3.462152
1739357172.201,3.462152
1739357172.451,3.463433
1739357172.701,3.458308
1739357172.951,3.454465
1739357173.201,3.453183
1739357173.451,3.459589
1739357173.701,3.457027
1739357173.951,3.460871
1739357174.201,3.460871
1739357174.451,3.459589
1739357174.701,3.459589
1739357174.951,3.459589
1739357175.201,3.457027
1739357175.451,3.454465
1739357175.701,3.44934
1739357175.951,3.441652
1739357176.201,3.437808
1739357176.451,3.437808
1739357176.701,3.435246
1739357176.951,3.433964
1739357177.201,3.436527
1739357177.451,3.437808
1739357177.701,3.435246
1739357177.951,3.43909
1739357178.201,3.431402
1739357178.451,3.427558
1739357178.701,3.426277
1739357178.951,3.432225
1739357179.201,3.425819
1739357179.451,3.4271
1739357179.701,3.420694
1739357179.951,3.419412
1739357180.201,3.420694
1739357180.451,3.418131
1739357180.701,3.413006
1739357180.951,3.413006
1739357181.201,3.407881
1739357181.451,3.405319
1739357181.701,3.411725
1739357181.951,3.409162
1739357182.201,3.409162
1739357182.451,3.407881
1739357182.701,3.402756
1739357182.951,3.404037
1739357183.201,3.402756
1739357183.451,3.400194
1739357183.701,3.398912
1739357183.951,3.400194
1739357184.201,3.39635
1739357184.451,3.392506
1739357184.701,3.395069
1739357184.951,3.395069
1739357185.201,3.392506
1739357185.451,3.398912
1739357185.701,3.392506
1739357185.951,3.389944
1739357186.201,3.392506
1739357186.451,3.389944
1739357186.701,3.3861
1739357186.951,3.3861
1739357187.201,3.384819
1739357187.451,3.382256
1739357187.701,3.378412
1739357187.951,3.374568
1739357188.201,3.374568
1739357188.451,3.372006
1739357188.701,3.369443
1739357188.951,3.368162
1739357189.201,3.372006
1739357189.451,3.366881
1739357189.701,3.369443
1739357189.951,3.368162
1739357190.201,3.364319
1739357190.451,3.364319
1739357190.701,3.363037
1739357190.951,3.361756
1739357191.201,3.359194
1739357191.451,3.359194
1739357191.701,3.352787
1739357191.951,3.350225
1739357192.201,3.346381
1739357192.451,3.348943
1739357192.701,3.343818
1739357192.951,3.346381
1739357193.201,3.339975
1739357193.451,3.343818
1739357193.701,3.346381
1739357193.951,3.350225
1739357194.201,3.356631
1739357194.451,3.364319
1739357194.701,3.388662
1739357194.951,3.421975
1739357195.201,3.451444
1739357195.451,3.475788
1739357195.701,3.493725
1739357195.951,3.514225
1739357196.201,3.5296
1739357196.451,3.543694
1739357196.701,3.542413
1739357196.951,3.553944
1739357197.201,3.56035
1739357197.451,3.561632
1739357197.701,3.566757
1739357197.951,3.577007
1739357198.201,3.578288
1739357198.451,3.574444
1739357198.701,3.573163
1739357198.951,3.566757
1739357199.201,3.566757
1739357199.451,3.562913
1739357199.701,3.56035
1739357199.951,3.555225
1739357200.201,3.556507
1739357200.451,3.546257
1739357200.701,3.543694
1739357200.951,3.53985
1739357201.201,3.536006
1739357201.451,3.532163
1739357201.701,3.525757
1739357201.951,3.524475
1739357202.201,3.518069
1739357202.451,3.510381
1739357202.701,3.507819
1739357202.951,3.502694
1739357203.201,3.495006
1739357203.451,3.495006
1739357203.701,3.489881
1739357203.951,3.480913
1739357204.201,3.480913
1739357204.451,3.475788
1739357204.701,3.471944
1739357204.951,3.473225
1739357205.201,3.471944
1739357205.451,3.471944
1739357205.701,3.470663
1739357205.951,3.465538
1739357206.201,3.465538
1739357206.451,3.462975
1739357206.701,3.459131
1739357206.951,3.456569
1739357207.201,3.450162
1739357207.451,3.443756
1739357207.701,3.439913
1739357207.951,3.43735
1739357208.201,3.438631
1739357208.451,3.441194
1739357208.701,3.434788
1739357208.951,3.439913
1739357209.201,3.433506
1739357209.451,3.439913
1739357209.701,3.434788
1739357209.951,3.432225
1739357210.201,3.432225
1739357210.451,3.432225
1739357210.701,3.430944
1739357210.951,3.430944
1739357211.201,3.434788
1739357211.451,3.425819
1739357211.701,3.428381
1739357211.951,3.4271
1739357212.201,3.420694
1739357212.451,3.423256
1739357212.701,3.41685
1739357212.951,3.41685
1739357213.201,3.418131
1739357213.451,3.423256
1739357213.701,3.425819
1739357213.951,3.428381
1739357214.201,3.436069
1739357214.451,3.436069
1739357214.701,3.4476
1739357214.951,3.454006
1739357215.201,3.465538
1739357215.451,3.474506
1739357215.701,3.4886
1739357215.951,3.500131
1739357216.201,3.518069
1739357216.451,3.51935
1739357216.701,3.530881
1739357216.951,3.532163
1739357217.201,3.532163
1739357217.451,3.536006
1739357217.701,3.534725
1739357217.951,3.532163
1739357218.201,3.5296
1739357218.451,3.533444
1739357218.701,3.5296
1739357218.951,3.530881
1739357219.201,3.536006
1739357219.451,3.542413
1739357219.701,3.546257
1739357219.951,3.553944
1739357220.201,3.559069
1739357220.451,3.561632
1739357220.701,3.562913
1739357220.951,3.565475
1739357221.201,3.562913
1739357221.451,3.56035
1739357221.701,3.571882
1739357221.951,3.569319
1739357222.201,3.566757
1739357222.451,3.556507
1739357222.701,3.556507
1739357222.951,3.548819
1739357223.201,3.547538
1739357223.451,3.538569
1739357223.701,3.536006
1739357223.951,3.530881
1739357224.201,3.528319
1739357224.451,3.528319
1739357224.701,3.521913
1739357224.951,3.518069
1739357225.201,3.516788
1739357225.451,3.525757
1739357225.701,3.543694
1739357225.951,3.565475
1739357226.201,3.5911
1739357226.451,3.616725
1739357226.701,3.644913
1739357226.951,3.664132
1739357227.201,3.674382
1739357227.451,3.689757
1739357227.701,3.702569
1739357227.951,3.705132
1739357228.201,3.708976
1739357228.451,3.705132
1739357228.701,3.700007
1739357228.951,3.696163
1739357229.201,3.693601
1739357229.451,3.680788
1739357229.701,3.676944
1739357229.951,3.670538
1739357230.201,3.662851
1739357230.451,3.659007
1739357230.701,3.647476
1739357230.951,3.638507
1739357231.201,3.629538
1739357231.451,3.629538
1739357231.701,3.623132
1739357231.951,3.618007
1739357232.201,3.612882
1739357232.451,3.610319
1739357232.701,3.612882
1739357232.951,3.602632
1739357233.201,3.605194
1739357233.451,3.598788
1739357233.701,3.596226
1739357233.951,3.587257
1739357234.201,3.589819
1739357234.451,3.577007
1739357234.701,3.574444
1739357234.951,3.573163
1739357235.201,3.566757
1739357235.451,3.568038
1739357235.701,3.566757
1739357235.951,3.564194
1739357236.201,3.559069
1739357236.451,3.557788
1739357236.701,3.559069
1739357236.951,3.556507
1739357237.201,3.5501
1739357237.451,3.547538
1739357237.701,3.548819
1739357237.951,3.551382
1739357238.201,3.557788
1739357238.451,3.566757
1739357238.701,3.571882
1739357238.951,3.577007
1739357239.201,3.583413
1739357239.451,3.584694
1739357239.701,3.582132
1739357239.951,3.584694
1739357240.201,3.582132
1739357240.451,3.578288
1739357240.701,3.573163
1739357240.951,3.573163
1739357241.201,3.564194
1739357241.451,3.571882
1739357241.701,3.559069
1739357241.951,3.562913
1739357242.201,3.557788
1739357242.451,3.559069
1739357242.701,3.553944
1739357242.951,3.552663
1739357243.201,3.551382
1739357243.451,3.546257
1739357243.701,3.542413
1739357243.951,3.541131
1739357244.201,3.544975
1739357244.451,3.537288
1739357244.701,3.538569
1739357244.951,3.538569
1739357245.201,3.538569
1739357245.451,3.544975
1739357245.701,3.541131
1739357245.951,3.537288
1739357246.201,3.534725
1739357246.451,3.533444
1739357246.701,3.524475
1739357246.951,3.525757
1739357247.201,3.520632
1739357247.451,3.525757
1739357247.701,3.521913
1739357247.951,3.527038
1739357248.201,3.528319
1739357248.451,3.524475
1739357248.701,3.5296
1739357248.951,3.525757
1739357249.201,3.523194
1739357249.451,3.520632
1739357249.701,3.518069
1739357249.951,3.511663
1739357250.201,3.510381
1739357250.451,3.5091
1739357250.701,3.507819
1739357250.951,3.507819
1739357251.201,3.506538
1739357251.451,3.512944
1739357251.701,3.507819
1739357251.951,3.5091
1739357252.201,3.510381
1739357252.451,3.507819
1739357252.701,3.503975
1739357252.951,3.501413
1739357253.201,3.500131
1739357253.451,3.497569
1739357253.701,3.495006
1739357253.951,3.493725
1739357254.201,3.493725
1739357254.451,3.491163
1739357254.701,3.492444
1739357254.951,3.497569
1739357255.201,3.500131
1739357255.451,3.500131
1739357255.701,3.503975
1739357255.951,3.506538
1739357256.201,3.506538
1739357256.451,3.502694
1739357256.701,3.497569
1739357256.951,3.501413
1739357257.201,3.502694
1739357257.451,3.502694
1739357257.701,3.49885
1739357257.951,3.500131
1739357258.201,3.502694
1739357258.451,3.501413
1739357258.701,3.500131
1739357258.951,3.502694
1739357259.201,3.501413
1739357259.451,3.502694
1739357259.701,3.506538
1739357259.951,3.507819
1739357260.201,3.512944
1739357260.451,3.525757
1739357260.701,3.527038
1739357260.951,3.527038
1739357261.201,3.546257
1739357261.451,3.548819
1739357261.701,3.557788
1739357261.951,3.557788
1739357262.201,3.559069
1739357262.451,3.557788
1739357262.701,3.557788
1739357262.951,3.553944
1739357263.201,3.548819
1739357263.451,3.546257
1739357263.701,3.544975
1739357263.951,3.544975
1739357264.201,3.542413
1739357264.451,3.546257
1739357264.701,3.53985
1739357264.951,3.538569
1739357265.201,3.541131
1739357265.451,3.536006
1739357265.701,3.534725
1739357265.951,3.5296
1739357266.201,3.528319
1739357266.451,3.521913
1739357266.701,3.51935
1739357266.951,3.515507
1739357267.201,3.516788
1739357267.451,3.518069
1739357267.701,3.512944
1739357267.951,3.512944
1739357268.201,3.515507
1739357268.451,3.514225
1739357268.701,3.518069
1739357268.951,3.510381
1739357269.201,3.510381
1739357269.451,3.510381
1739357269.701,3.502694
1739357269.951,3.5091
1739357270.201,3.501413
1739357270.451,3.501413
1739357270.701,3.493725
1739357270.951,3.502694
1739357271.201,3.501413
1739357271.451,3.496288
1739357271.701,3.493725
1739357271.951,3.492444
1739357272.201,3.491163
1739357272.451,3.495006
1739357272.701,3.486038
1739357272.951,3.486038
1739357273.201,3.482194
1739357273.451,3.482194
1739357273.701,3.47835
1739357273.951,3.482194
1739357274.201,3.477069
1739357274.451,3.482194
1739357274.701,3.477069
1739357274.951,3.482194
1739357275.201,3.487319
1739357275.451,3.483475
1739357275.701,3.487319
1739357275.951,3.477069
1739357276.201,3.487319
1739357276.451,3.480913
1739357276.701,3.477069
1739357276.951,3.477069
1739357277.201,3.471944
1739357277.451,3.469381
1739357277.701,3.4681
1739357277.951,3.464256
1739357278.201,3.464256
1739357278.451,3.461694
1739357278.701,3.461694
1739357278.951,3.466819
1739357279.201,3.466819
1739357279.451,3.464256
1739357279.701,3.464256
1739357279.951,3.459131
1739357280.201,3.460413
1739357280.451,3.455287
1739357280.701,3.45785
1739357280.951,3.454006
1739357281.201,3.455287
1739357281.451,3.448881
1739357281.701,3.448881
1739357281.951,3.448881
1739357282.201,3.451444
1739357282.451,3.446319
1739357282.701,3.446319
1739357282.951,3.445038
1739357283.201,3.4476
1739357283.451,3.450162
1739357283.701,3.450162
1739357283.951,3.4476
1739357284.201,3.4476
1739357284.451,3.4476
1739357284.701,3.4476
1739357284.951,3.4476
1739357285.201,3.445038
1739357285.451,3.442475
1739357285.701,3.438631
1739357285.951,3.438631
1739357286.201,3.434788
1739357286.451,3.432225
1739357286.701,3.432225
1739357286.951,3.432225
1739357287.201,3.434788
1739357287.451,3.433506
1739357287.701,3.432225
1739357287.951,3.430944
1739357288.201,3.432225
1739357288.451,3.432225
1739357288.701,3.428381
1739357288.951,3.425819
1739357289.201,3.423256
1739357289.451,3.421975
1739357289.701,3.423256
1739357289.951,3.420694
1739357290.201,3.415569
1739357290.451,3.414287
1739357290.701,3.410444
1739357290.951,3.41685
1739357291.201,3.410444
1739357291.451,3.407881
1739357291.701,3.407881
1739357291.951,3.4066
1739357292.201,3.4066
1739357292.451,3.410444
1739357292.701,3.411725
1739357292.951,3.411725
1739357293.201,3.411725
1739357293.451,3.413006
1739357293.701,3.409162
1739357293.951,3.405319
1739357294.201,3.407881
1739357294.451,3.4066
1739357294.701,3.398912
1739357294.951,3.398912
1739357295.201,3.395069
1739357295.451,3.397631
1739357295.701,3.393787
1739357295.951,3.39635
1739357296.201,3.391225
1739357296.451,3.400194
1739357296.701,3.398912
1739357296.951,3.401475
1739357297.201,3.398912
1739357297.451,3.397631
1739357297.701,3.404037
1739357297.951,3.410444
1739357298.201,3.41685
1739357298.451,3.425819
1739357298.701,3.432225
1739357298.951,3.438631
1739357299.201,3.45785
1739357299.451,3.4681
1739357299.701,3.483475
1739357299.951,3.493725
1739357300.201,3.502694
1739357300.451,3.507819
1739357300.701,3.515507
1739357300.951,3.525757
1739357301.201,3.528319
1739357301.451,3.538569
1739357301.701,3.544975
1739357301.951,3.546257
1739357302.201,3.544975
1739357302.451,3.548819
1739357302.701,3.53985
1739357302.951,3.537288
1739357303.201,3.533444
1739357303.451,3.534725
1739357303.701,3.544975
1739357303.951,3.532163
1739357304.201,3.524475
1739357304.451,3.548819
1739357304.701,3.553944
1739357304.951,3.564194
1739357305.201,3.578288
1739357305.451,3.593663
1739357305.701,3.624413
1739357305.951,3.655163
1739357306.201,3.684632
1739357306.451,3.705132
1739357306.701,3.732038
1739357306.951,3.766632
1739357307.201,3.810195
1739357307.451,3.867851
1739357307.701,3.956258
1739357307.951,4.105341
1739357308.201,4.291123
1739357308.451,4.49228
1739357308.701,4.617373
1739357308.951,4.724999
1739357309.201,4.817249
1739357309.451,4.841593
1739357309.701,4.871062
1739357309.951,4.890281
1739357310.201,4.871062
1739357310.451,4.845437
1739357310.701,4.822374
1739357310.951,4.781374
1739357311.201,4.742937
1739357311.451,4.712186
1739357311.701,4.686562
1739357311.951,4.659655
1739357312.201,4.62378
1739357312.451,4.594311
1739357312.701,4.559717
1739357312.951,4.536654
1739357313.201,4.504623
1739357313.451,4.476436
1739357313.701,4.454655
1739357313.951,4.421342
1739357314.201,4.404685
1739357314.451,4.375216
1739357314.701,4.357279
1739357314.951,4.335498
1739357315.201,4.325248
1739357315.451,4.309873
1739357315.701,4.293216
1739357315.951,4.285529
1739357316.201,4.280404
1739357316.451,4.28681
1739357316.701,4.303466
1739357316.951,4.321404
1739357317.201,4.359842
1739357317.451,4.38931
1739357317.701,4.411092
1739357317.951,4.425186
1739357318.201,4.426467
1739357318.451,4.429029
1739357318.701,4.417498
1739357318.951,4.413654
1739357319.201,4.403404
1739357319.451,4.398279
1739357319.701,4.400842
1739357319.951,4.407248
1739357320.201,4.407248
1739357320.451,4.417498
1739357320.701,4.407248
1739357320.951,4.404685
1739357321.201,4.425186
1739357321.451,4.426467
1739357321.701,4.441842
1739357321.951,4.499498
1739357322.201,4.601999
1739357322.451,4.651968
1739357322.701,4.809562
1739357322.951,4.874906
1739357323.201,4.910781
1739357323.451,4.945374
1739357323.701,4.967572
1739357323.951,4.931697
1739357324.201,4.886853
1739357324.451,4.967572
1739357324.701,4.962447
1739357324.951,4.939384
1739357325.201,4.890697
1739357325.451,4.845853
1739357325.701,4.811259
1739357325.951,4.749759
1739357326.201,4.74079
1739357326.451,4.738227
1739357326.701,4.744634
1739357326.951,4.719008
1739357327.201,4.60754
1739357327.451,4.675446
1739357327.701,4.816384
1739357327.951,4.950916
1739357328.201,5.073916
1739357328.451,5.032916
1739357328.701,5.054697
1739357328.951,5.044447
1739357329.201,5.031635
1739357329.451,5.011135
1739357329.701,5.012416
1739357329.951,5.011135
1739357330.201,5.017541
1739357330.451,5.044447
1739357330.701,5.070072
1739357330.951,5.100822
1739357331.201,5.121322
1739357331.451,5.131572
1739357331.701,5.131572
1739357331.951,5.114916
1739357332.201,5.08801
1739357332.451,5.066228
1739357332.701,5.035478
1739357332.951,4.998322
1739357333.201,4.968853
1739357333.451,4.938103
1739357333.701,4.908634
1739357333.951,4.883009
1739357334.201,4.861228
1739357334.451,4.849697
1739357334.701,4.842009
1739357334.951,4.840728
1739357335.201,4.850978
1739357335.451,4.87404
1739357335.701,4.890697
1739357335.951,4.925291
1739357336.201,4.931697
1739357336.451,4.945791
1739357336.701,4.959884
1739357336.951,4.970134
1739357337.201,4.981666
1739357337.451,5.008572
1739357337.701,5.021385
1739357337.951,5.034197
1739357338.201,5.058541
1739357338.451,5.085447
1739357338.701,5.11876
1739357338.951,5.184104
1739357339.201,5.284041
1739357339.451,5.41473
1739357339.701,5.523218
1739357339.951,5.60778
1739357340.201,5.653906
1739357340.451,5.693624
1739357340.701,5.69875
1739357340.951,5.688499
1739357341.201,5.667999
1739357341.451,5.609062
1739357341.701,5.562937
1739357341.951,5.510405
1739357342.201,5.455311
1739357342.451,5.407905
1739357342.701,5.369467
1739357342.951,5.334874
1739357343.201,5.297717
1739357343.451,5.255435
1739357343.701,5.222123
1739357343.951,5.190092
1739357344.201,5.165748
1739357344.451,5.145248
1739357344.701,5.128592
1739357344.951,5.11706
1739357345.201,5.113216
1739357345.451,5.097841
1739357345.701,5.091435
1739357345.951,5.078623
1739357346.201,5.072217
1739357346.451,5.063248
1739357346.701,5.061966
1739357346.951,5.054279
1739357347.201,5.049154
1739357347.451,5.050435
1739357347.701,5.052998
1739357347.951,5.07606
1739357348.201,5.119623
1739357348.451,5.160623
1739357348.701,5.214436
1739357348.951,5.268248
1739357349.201,5.322061
1739357349.451,5.345123
1739357349.701,5.365623
1739357349.951,5.374592
1739357350.201,5.378436
1739357350.451,5.366905
1739357350.701,5.346405
1739357350.951,5.322061
1739357351.201,5.313092
1739357351.451,5.296436
1739357351.701,5.284904
1739357351.951,5.275936
1739357352.201,5.272092
1739357352.451,5.268248
1739357352.701,5.260561
1739357352.951,5.256717
1739357353.201,5.243905
1739357353.451,5.233654
1739357353.701,5.240061
1739357353.951,5.261842
1739357354.201,5.278498
1739357354.451,5.286186
1739357354.701,5.295155
1739357354.951,5.297717
1739357355.201,5.297717
1739357355.451,5.295155
1739357355.701,5.304123
1739357355.951,5.30028
1739357356.201,5.284904
1739357356.451,5.298998
1739357356.701,5.272092
1739357356.951,5.259279
1739357357.201,5.261842
1739357357.451,5.265686
1739357357.701,5.272092
1739357357.951,5.30028
1739357358.201,5.325905
1739357358.451,5.378436
1739357358.701,5.430967
1739357358.951,5.470686
1739357359.201,5.497592
1739357359.451,5.512968
1739357359.701,5.503999
1739357359.951,5.507843
1739357360.201,5.502717
1739357360.451,5.501436
1739357360.701,5.497592
1739357360.951,5.489905
1739357361.201,5.482218
1739357361.451,5.466843
1739357361.701,5.455311
1739357361.951,5.447624
1739357362.201,5.457874
1739357362.451,5.492468
1739357362.701,5.537312
1739357362.951,5.579593
1739357363.201,5.619312
1739357363.451,5.646218
1739357363.701,5.662874
1739357363.951,5.679531
1739357364.201,5.676968
1739357364.451,5.669281
1739357364.701,5.655187
1739357364.951,5.637249
1739357365.201,5.609062
1739357365.451,5.579593
1739357365.701,5.542437
1739357365.951,5.51553
1739357366.201,5.49503
1739357366.451,5.478374
1739357366.701,5.455311
1739357366.951,5.450186
1739357367.201,5.434811
1739357367.451,5.432249
1739357367.701,5.432249
1739357367.951,5.42328
1739357368.201,5.416873
1739357368.451,5.410468
1739357368.701,5.401499
1739357368.951,5.393811
1739357369.201,5.395092
1739357369.451,5.39253
1739357369.701,5.398936
1739357369.951,5.420717
1739357370.201,5.428405
1739357370.451,5.447624
1739357370.701,5.460436
1739357370.951,5.488624
1739357371.201,5.534749
1739357371.451,5.633406
1739357371.701,5.744874
1739357371.951,5.873
1739357372.201,5.970376
1739357372.451,6.067239
1739357372.701,6.10952
1739357372.951,6.103114
1739357373.201,6.082614
1739357373.451,6.072364
1739357373.701,6.030083
1739357373.951,5.990364
1739357374.201,5.990364
1739357374.451,5.941676
1739357374.701,5.894269
1739357374.951,5.844301
1739357375.201,5.800738
1739357375.451,5.759738
1739357375.701,5.717456
1739357375.951,5.7008
1739357376.201,5.672613
1739357376.451,5.652112
1739357376.701,5.635456
1739357376.951,5.616238
1739357377.201,5.602144
1739357377.451,5.589331
1739357377.701,5.571393
1739357377.951,5.559862
1739357378.201,5.561143
1739357378.451,5.552175
1739357378.701,5.541925
1739357378.951,5.538081
1739357379.201,5.523987
1739357379.451,5.518862
1739357379.701,5.509893
1739357379.951,5.50605
1739357380.201,5.497081
1739357380.451,5.493237
1739357380.701,5.484268
1739357380.951,5.472737
1739357381.201,5.470175
1739357381.451,5.46505
1739357381.701,5.4548
1739357381.951,5.449675
1739357382.201,5.445831
1739357382.451,5.449675
1739357382.701,5.447112
1739357382.951,5.445831
1739357383.201,5.448393
1739357383.451,5.456081
1739357383.701,5.462487
1739357383.951,5.461206
1739357384.201,5.466331
1739357384.451,5.466331
1739357384.701,5.456081
1739357384.951,5.4548
1739357385.201,5.450956
1739357385.451,5.44455
1739357385.701,5.441987
1739357385.951,5.436862
1739357386.201,5.438143
1739357386.451,5.452237
1739357386.701,5.475299
1739357386.951,5.499643
1739357387.201,5.54705
1739357387.451,5.590612
1739357387.701,5.622644
1739357387.951,5.644425
1739357388.201,5.648269
1739357388.451,5.650831
1739357388.701,5.653394
1739357388.951,5.6393
1739357389.201,5.622644
1739357389.451,5.60855
1739357389.701,5.58805
1739357389.951,5.570112
1739357390.201,5.548331
1739357390.451,5.529112
1739357390.701,5.517581
1739357390.951,5.509893
1739357391.201,5.499643
1739357391.451,5.488112
1739357391.701,5.481706
1739357391.951,5.467612
1739357392.201,5.46505
1739357392.451,5.458643
1739357392.701,5.44455
1739357392.951,5.436862
1739357393.201,5.435581
1739357393.451,5.431737
1739357393.701,5.422768
1739357393.951,5.432249
1739357394.201,5.428405
1739357394.451,5.427124
1739357394.701,5.424561
1739357394.951,5.434811
1739357395.201,5.447624
1739357395.451,5.456593
1739357395.701,5.465561
1739357395.951,5.469405
1739357396.201,5.47453
1739357396.451,5.47453
1739357396.701,5.473249
1739357396.951,5.477093
1739357397.201,5.466843
1739357397.451,5.457874
1739357397.701,5.452749
1739357397.951,5.457874
1739357398.201,5.477093
1739357398.451,5.516811
1739357398.701,5.574468
1739357398.951,5.6475
1739357399.201,5.746156
1739357399.451,5.814063
1739357399.701,5.844812
1739357399.951,5.857625
1739357400.201,5.858906
1739357400.451,5.853781
1739357400.701,5.839687
1739357400.951,5.82175
1739357401.201,5.797406
1739357401.451,5.767937
1739357401.701,5.735906
1739357401.951,5.705156
1739357402.201,5.692343
1739357402.451,5.669281
1739357402.701,5.653906
1739357402.951,5.632124
1739357403.201,5.619312
1739357403.451,5.611624
1739357403.701,5.602655
1739357403.951,5.589843
1739357404.201,5.578312
1739357404.451,5.577031
1739357404.701,5.564218
1739357404.951,5.557812
1739357405.201,5.551405
1739357405.451,5.547562
1739357405.701,5.541155
1739357405.951,5.543718
1739357406.201,5.541155
1739357406.451,5.534749
1739357406.701,5.529624
1739357406.951,5.528343
1739357407.201,5.521936
1739357407.451,5.51553
1739357407.701,5.506561
1739357407.951,5.502717
1739357408.201,5.50528
1739357408.451,5.507843
1739357408.701,5.50528
1739357408.951,5.507843
1739357409.201,5.512968
1739357409.451,5.506561
1739357409.701,5.511686
1739357409.951,5.509124
1739357410.201,5.509124
1739357410.451,5.507843
1739357410.701,5.506561
1739357410.951,5.498874
1739357411.201,5.49503
1739357411.451,5.487343
1739357411.701,5.480937
1739357411.951,5.482218
1739357412.201,5.479655
1739357412.451,5.48478
1739357412.701,5.491187
1739357412.951,5.489905
1739357413.201,5.492468
1739357413.451,5.491187
1739357413.701,5.491187
1739357413.951,5.488624
1739357414.201,5.491187
1739357414.451,5.478374
1739357414.701,5.478374
1739357414.951,5.47453
1739357415.201,5.471968
1739357415.451,5.473249
1739357415.701,5.46428
1739357415.951,5.46428
1739357416.201,5.46428
1739357416.451,5.461718
1739357416.701,5.455311
1739357416.951,5.452749
1739357417.201,5.45403
1739357417.451,5.446342
1739357417.701,5.437374
1739357417.951,5.436092
1739357418.201,5.438655
1739357418.451,5.434811
1739357418.701,5.43353
1739357418.951,5.436092
1739357419.201,5.429686
1739357419.451,5.439936
1739357419.701,5.436092
1739357419.951,5.442499
1739357420.201,5.438655
1739357420.451,5.439936
1739357420.701,5.447624
1739357420.951,5.434811
1739357421.201,5.430967
1739357421.451,5.434811
1739357421.701,5.424561
1739357421.951,5.425842
1739357422.201,5.420717
1739357422.451,5.420717
1739357422.701,5.424561
1739357422.951,5.421999
1739357423.201,5.420717
1739357423.451,5.419436
1739357423.701,5.421999
1739357423.951,5.424561
1739357424.201,5.42328
1739357424.451,5.409186
1739357424.701,5.411749
1739357424.951,5.404061
1739357425.201,5.410468
1739357425.451,5.410468
1739357425.701,5.400218
1739357425.951,5.398936
1739357426.201,5.405343
1739357426.451,5.405343
1739357426.701,5.407905
1739357426.951,5.407905
1739357427.201,5.410468
1739357427.451,5.421999
1739357427.701,5.419436
1739357427.951,5.42328
1739357428.201,5.425842
1739357428.451,5.434811
1739357428.701,5.427124
1739357428.951,5.437374
1739357429.201,5.432249
1739357429.451,5.437374
1739357429.701,5.43353
1739357429.951,5.430967
1739357430.201,5.429686
1739357430.451,5.429686
1739357430.701,5.427124
1739357430.951,5.424561
1739357431.201,5.418155
1739357431.451,5.414311
1739357431.701,5.407905
1739357431.951,5.40278
1739357432.201,5.398936
1739357432.451,5.400218
1739357432.701,5.404061
1739357432.951,5.404061
1739357433.201,5.414311
1739357433.451,5.414311
1739357433.701,5.415593
1739357433.951,5.409186
1739357434.201,5.405343
1739357434.451,5.405343
1739357434.701,5.401499
1739357434.951,5.407905
1739357435.201,5.40278
1739357435.451,5.40278
1739357435.701,5.398936
1739357435.951,5.404061
1739357436.201,5.409186
1739357436.451,5.406624
1739357436.701,5.406624
1739357436.951,5.398936
1739357437.201,5.404061
1739357437.451,5.404061
1739357437.701,5.395092
1739357437.951,5.391249
1739357438.201,5.39253
1739357438.451,5.398936
1739357438.701,5.398936
1739357438.951,5.409186
1739357439.201,5.427124
1739357439.451,5.450186
1739357439.701,5.462999
1739357439.951,5.478374
1739357440.201,5.482218
1739357440.451,5.488624
1739357440.701,5.48478
1739357440.951,5.482218
1739357441.201,5.483499
1739357441.451,5.477093
1739357441.701,5.469405
1739357441.951,5.466843
1739357442.201,5.46428
1739357442.451,5.455311
1739357442.701,5.452749
1739357442.951,5.447624
1739357443.201,5.441217
1739357443.451,5.438655
1739357443.701,5.430967
1739357443.951,5.428405
1739357444.201,5.427124
1739357444.451,5.416873
1739357444.701,5.411749
1739357444.951,5.419436
1739357445.201,5.411749
1739357445.451,5.406624
1739357445.701,5.410468
1739357445.951,5.405343
1739357446.201,5.411749
1739357446.451,5.409186
1739357446.701,5.41303
1739357446.951,5.409186
1739357447.201,5.41303
1739357447.451,5.41303
1739357447.701,5.406624
1739357447.951,5.40278
1739357448.201,5.396374
1739357448.451,5.40278
1739357448.701,5.396374
1739357448.951,5.398936
1739357449.201,5.39253
1739357449.451,5.39253
1739357449.701,5.395092
1739357449.951,5.393811
1739357450.201,5.391249
1739357450.451,5.383561
1739357450.701,5.383561
1739357450.951,5.380999
1739357451.201,5.377155
1739357451.451,5.374592
1739357451.701,5.369467
1739357451.951,5.365623
1739357452.201,5.370749
1739357452.451,5.365623
1739357452.701,5.364342
1739357452.951,5.363061
1739357453.201,5.374592
1739357453.451,5.368186
1739357453.701,5.365623
1739357453.951,5.365623
1739357454.201,5.364342
1739357454.451,5.359217
1739357454.701,5.356655
1739357454.951,5.356655
1739357455.201,5.350248
1739357455.451,5.347686
1739357455.701,5.339998
1739357455.951,5.333592
1739357456.201,5.338717
1739357456.451,5.333592
1739357456.701,5.328467
1739357456.951,5.328467
1739357457.201,5.325905
1739357457.451,5.328467
1739357457.701,5.328467
1739357457.951,5.327186
1739357458.201,5.329749
1739357458.451,5.322061
1739357458.701,5.318217
1739357458.951,5.315655
1739357459.201,5.318217
1739357459.451,5.316936
1739357459.701,5.314373
1739357459.951,5.318217
1739357460.201,5.315655
1739357460.451,5.319499
1739357460.701,5.318217
1739357460.951,5.319499
1739357461.201,5.316936
1739357461.451,5.314373
1739357461.701,5.318217
1739357461.951,5.318217
1739357462.201,5.314373
1739357462.451,5.313092
1739357462.701,5.309248
1739357462.951,5.304123
1739357463.201,5.301561
1739357463.451,5.30028
1739357463.701,5.292592
1739357463.951,5.287467
1739357464.201,5.291311
1739357464.451,5.288748
1739357464.701,5.29003
1739357464.951,5.302842
1739357465.201,5.305405
1739357465.451,5.309248
1739357465.701,5.309248
1739357465.951,5.31053
1739357466.201,5.31053
1739357466.451,5.309248
1739357466.701,5.309248
1739357466.951,5.305405
1739357467.201,5.298998
1739357467.451,5.29003
1739357467.701,5.286186
1739357467.951,5.277217
1739357468.201,5.281061
1739357468.451,5.273373
1739357468.701,5.268248
1739357468.951,5.274654
1739357469.201,5.273373
1739357469.451,5.273373
1739357469.701,5.268248
1739357469.951,5.263123
1739357470.201,5.263123
1739357470.451,5.264404
1739357470.701,5.255435
1739357470.951,5.257998
1739357471.201,5.256717
1739357471.451,5.260561
1739357471.701,5.256717
1739357471.951,5.255435
1739357472.201,5.261842
1739357472.451,5.263123
1739357472.701,5.261842
1739357472.951,5.263123
1739357473.201,5.261842
1739357473.451,5.260561
1739357473.701,5.257998
1739357473.951,5.252873
1739357474.201,5.254155
1739357474.451,5.245186
1739357474.701,5.242623
1739357474.951,5.242623
1739357475.201,5.240061
1739357475.451,5.234936
1739357475.701,5.231092
1739357475.951,5.232373
1739357476.201,5.229811
1739357476.451,5.233654
1739357476.701,5.232373
1739357476.951,5.229811
1739357477.201,5.231092
1739357477.451,5.224686
1739357477.701,5.225967
1739357477.951,5.224686
1739357478.201,5.223404
1739357478.451,5.215717
1739357478.701,5.216998
1739357478.951,5.211873
1739357479.201,5.209311
1739357479.451,5.205467
1739357479.701,5.204185
1739357479.951,5.206748
1739357480.201,5.200342
1739357480.451,5.208029
1739357480.701,5.204185
1739357480.951,5.201623
1739357481.201,5.196498
1739357481.451,5.195217
1739357481.701,5.187529
1739357481.951,5.187529
1739357482.201,5.182404
1739357482.451,5.179842
1739357482.701,5.173436
1739357482.951,5.177279
1739357483.201,5.168311
1739357483.451,5.169592
1739357483.701,5.168311
1739357483.951,5.175998
1739357484.201,5.179842
1739357484.451,5.175998
1739357484.701,5.177279
1739357484.951,5.172154
1739357485.201,5.170873
1739357485.451,5.167029
1739357485.701,5.160623
1739357485.951,5.156779
1739357486.201,5.158061
1739357486.451,5.154217
1739357486.701,5.152936
1739357486.951,5.160623
1739357487.201,5.167029
1739357487.451,5.170873
1739357487.701,5.179842
1739357487.951,5.183685
1739357488.201,5.183685
1739357488.451,5.184967
1739357488.701,5.187529
1739357488.951,5.184967
1739357489.201,5.179842
1739357489.451,5.179842
1739357489.701,5.175998
1739357489.951,5.174716
1739357490.201,5.175998
1739357490.451,5.170873
1739357490.701,5.175998
1739357490.951,5.174716
1739357491.201,5.168311
1739357491.451,5.172154
1739357491.701,5.170873
1739357491.951,5.168311
1739357492.201,5.169592
1739357492.451,5.174716
1739357492.701,5.173436
1739357492.951,5.186248
1739357493.201,5.192654
1739357493.451,5.196498
1739357493.701,5.205467
1739357493.951,5.208029
1739357494.201,5.206748
1739357494.451,5.211873
1739357494.701,5.219561
1739357494.951,5.233654
1739357495.201,5.277217
1739357495.451,5.315655
1739357495.701,5.357936
1739357495.951,5.404061
1739357496.201,5.425842
1739357496.451,5.447624
1739357496.701,5.462999
1739357496.951,5.478374
1739357497.201,5.482218
1739357497.451,5.480937
1739357497.701,5.469405
1739357497.951,5.452749
1739357498.201,5.441217
1739357498.451,5.430967
1739357498.701,5.405343
1739357498.951,5.400218
1739357499.201,5.380999
1739357499.451,5.370749
1739357499.701,5.364342
1739357499.951,5.35153
1739357500.201,5.333592
1739357500.451,5.324624
1739357500.701,5.311811
1739357500.951,5.30028
1739357501.201,5.297717
1739357501.451,5.29003
1739357501.701,5.279779
1739357501.951,5.274654
1739357502.201,5.275936
1739357502.451,5.279779
1739357502.701,5.268248
1739357502.951,5.277217
1739357503.201,5.283623
1739357503.451,5.295155
1739357503.701,5.313092
1739357503.951,5.336154
1739357504.201,5.352811
1739357504.451,5.370749
1739357504.701,5.380999
1739357504.951,5.398936
1739357505.201,5.415593
1739357505.451,5.424561
1739357505.701,5.442499
1739357505.951,5.455311
1739357506.201,5.478374
1739357506.451,5.514249
1739357506.701,5.585999
1739357506.951,5.69875
1739357507.201,5.838406
1739357507.451,5.990875
1739357507.701,6.119771
1739357507.951,6.196646
1739357508.201,6.268396
1739357508.451,6.327333
1739357508.701,6.372177
1739357508.951,6.386271
1739357509.201,6.418303
1739357509.451,6.470238
1739357509.701,6.477925
1739357509.951,6.471519
1739357510.201,6.480488
1739357510.451,6.520207
1739357510.701,6.556082
1739357510.951,6.593238
1739357511.201,6.620145
1739357511.451,6.621426
1739357511.701,6.629113
1739357511.951,6.595801
1739357512.201,6.549675
1739357512.451,6.507394
1739357512.701,6.447176
1739357512.951,6.403613
1739357513.201,6.381832
1739357513.451,6.352363
1739357513.701,6.343394
1739357513.951,6.328019
1739357514.201,6.322894
1739357514.451,6.289581
1739357514.701,6.261394
1739357514.951,6.23705
1739357515.201,6.205019
1739357515.451,6.169143
1739357515.701,6.14608
1739357515.951,6.171706
1739357516.201,6.240893
1739357516.451,6.369019
1739357516.701,6.504832
1739357516.951,6.600926
1739357517.201,6.653457
1739357517.451,6.664989
1739357517.701,6.643207
1739357517.951,6.595801
1739357518.201,6.556082
1739357518.451,6.504832
1739357518.701,6.461269
1739357518.951,6.402331
1739357519.201,6.326737
1739357519.451,6.240893
1739357519.701,6.162737
1739357519.951,6.094831
1739357520.201,6.016674
1739357520.451,5.953893
1739357520.701,5.902642
1739357520.951,5.877614
1739357521.201,5.851988
1739357521.451,5.836613
1739357521.701,5.825082
1739357521.951,5.812269
1739357522.201,5.795613
1739357522.451,5.778957
1739357522.701,5.769988
1739357522.951,5.761019
1739357523.201,5.744363
1739357523.451,5.739238
1739357523.701,5.73155
1739357523.951,5.722581
1739357524.201,5.712332
1739357524.451,5.707207
1739357524.701,5.694394
1739357524.951,5.684144
1739357525.201,5.672613
1739357525.451,5.661081
1739357525.701,5.652112
1739357525.951,5.638019
1739357526.201,5.616238
1739357526.451,5.599581
1739357526.701,5.585487
1739357526.951,5.5778
1739357527.201,5.564987
1739357527.451,5.554737
1739357527.701,5.545769
1739357527.951,5.544487
1739357528.201,5.539362
1739357528.451,5.539362
1739357528.701,5.558581
1739357528.951,5.6188
1739357529.201,5.69055
1739357529.451,5.784082
1739357529.701,5.869926
1739357529.951,5.950645
1739357530.201,6.005739
1739357530.451,6.045457
1739357530.701,6.064676
1739357530.951,6.085176
1739357531.201,6.085176
1739357531.451,6.073645
1739357531.701,6.049301
1739357531.951,6.013426
1739357532.201,5.98652
1739357532.451,5.946801
1739357532.701,5.918613
1739357532.951,5.886582
1739357533.201,5.851988
1739357533.451,5.831488
1739357533.701,5.816113
1739357533.951,5.832769
1739357534.201,5.87377
1739357534.451,5.942957
1739357534.701,6.040332
1739357534.951,6.145395
1739357535.201,6.220989
1739357535.451,6.276083
1739357535.701,6.314521
1739357535.951,6.320927
1739357536.201,6.317083
1739357536.451,6.311958
1739357536.701,6.286333
1739357536.951,6.260708
1739357537.201,6.213302
1739357537.451,6.164614
1739357537.701,6.118489
1739357537.951,6.07877
1739357538.201,6.041614
1739357538.451,6.00702
1739357538.701,5.977551
1739357538.951,5.957051
1739357539.201,5.936551
1739357539.451,5.919895
1739357539.701,5.899395
1739357539.951,5.890426
1739357540.201,5.877614
1739357540.451,5.869926
1739357540.701,5.862238
1739357540.951,5.85327
1739357541.201,5.841738
1739357541.451,5.835332
1739357541.701,5.828926
1739357541.951,5.828926
1739357542.201,5.823801
1739357542.451,5.816113
1739357542.701,5.809707
1739357542.951,5.819957
1739357543.201,5.827644
1739357543.451,5.837894
1739357543.701,5.862238
1739357543.951,5.872488
1739357544.201,5.890426
1739357544.451,5.903238
1739357544.701,5.907082
1739357544.951,5.905801
1739357545.201,5.916051
1739357545.451,5.913488
1739357545.701,5.912207
1739357545.951,5.917332
1739357546.201,5.921176
1739357546.451,5.919895
1739357546.701,5.919895
1739357546.951,5.928864
1739357547.201,5.936551
1739357547.451,5.942957
1739357547.701,5.950645
1739357547.951,5.957051
1739357548.201,5.962176
1739357548.451,5.951926
1739357548.701,5.949364
1739357548.951,5.942957
1739357549.201,5.940395
1739357549.451,5.932707
1739357549.701,5.92502
1739357549.951,5.936551
1739357550.201,5.946801
1739357550.451,5.985239
1739357550.701,6.02752
1739357550.951,6.082614
1739357551.201,6.132583
1739357551.451,6.183833
1739357551.701,6.210739
1739357551.951,6.237646
1739357552.201,6.267115
1739357552.451,6.267115
1739357552.701,6.268396
1739357552.951,6.259427
1739357553.201,6.250458
1739357553.451,6.231239
1739357553.701,6.213302
1739357553.951,6.187677
1739357554.201,6.165895
1739357554.451,6.147958
1739357554.701,6.119771
1739357554.951,6.106958
1739357555.201,6.091583
1739357555.451,6.076208
1739357555.701,6.064676
1739357555.951,6.056989
1739357556.201,6.051864
1739357556.451,6.049301
1739357556.701,6.044176
1739357556.951,6.050582
1739357557.201,6.055707
1739357557.451,6.053145
1739357557.701,6.056989
1739357557.951,6.059551
1739357558.201,6.060833
1739357558.451,6.060833
1739357558.701,6.062114
1739357558.951,6.072364
1739357559.201,6.074926
1739357559.451,6.07877
1739357559.701,6.086458
1739357559.951,6.086458
1739357560.201,6.08902
1739357560.451,6.110802
1739357560.701,6.097989
1739357560.951,6.092864
1739357561.201,6.097989
1739357561.451,6.097989
1739357561.701,6.094145
1739357561.951,6.094145
1739357562.201,6.08902
1739357562.451,6.083895
1739357562.701,6.081333
1739357562.951,6.082614
1739357563.201,6.076208
1739357563.451,6.072364
1739357563.701,6.067239
1739357563.951,6.065958
1739357564.201,6.067239
1739357564.451,6.064676
1739357564.701,6.062114
1739357564.951,6.063395
1739357565.201,6.06852
1739357565.451,6.06852
1739357565.701,6.067239
1739357565.951,6.071083
1739357566.201,6.073645
1739357566.451,6.083895
1739357566.701,6.096708
1739357566.951,6.110802
1739357567.201,6.131301
1739357567.451,6.158208
1739357567.701,6.181271
1739357567.951,6.204333
1739357568.201,6.231239
1739357568.451,6.236364
1739357568.701,6.247896
1739357568.951,6.255583
1739357569.201,6.254302
1739357569.451,6.254302
1739357569.701,6.245333
1739357569.951,6.244052
1739357570.201,6.235083
1739357570.451,6.224833
1739357570.701,6.217145
1739357570.951,6.21202
1739357571.201,6.20177
1739357571.451,6.20177
1739357571.701,6.188958
1739357571.951,6.188958
1739357572.201,6.183833
1739357572.451,6.179989
1739357572.701,6.182552
1739357572.951,6.186396
1739357573.201,6.185114
1739357573.451,6.182552
1739357573.701,6.186396
1739357573.951,6.186396
1739357574.201,6.177427
1739357574.451,6.178708
1739357574.701,6.165895
1739357574.951,6.165895
1739357575.201,6.163333
1739357575.451,6.151802
1739357575.701,6.151802
1739357575.951,6.151802
1739357576.201,6.15052
1739357576.451,6.155645
1739357576.701,6.146677
1739357576.951,6.144114
1739357577.201,6.137708
1739357577.451,6.14027
1739357577.701,6.138989
1739357577.951,6.132583
1739357578.201,6.121051
1739357578.451,6.123614
1739357578.701,6.123614
1739357578.951,6.123614
1739357579.201,6.132583
1739357579.451,6.142833
1739357579.701,6.162052
1739357579.951,6.192802
1739357580.201,6.215864
1739357580.451,6.244052
1739357580.701,6.258146
1739357580.951,6.264552
1739357581.201,6.265833
1739357581.451,6.268396
1739357581.701,6.253021
1739357581.951,6.247896
1739357582.201,6.238927
1739357582.451,6.235083
1739357582.701,6.226114
1739357582.951,6.224833
1739357583.201,6.214583
1739357583.451,6.206895
1739357583.701,6.203052
1739357583.951,6.20049
1739357584.201,6.197927
1739357584.451,6.196646
1739357584.701,6.197927
1739357584.951,6.20177
1739357585.201,6.213302
1739357585.451,6.21202
1739357585.701,6.214583
1739357585.951,6.206895
1739357586.201,6.199208
1739357586.451,6.196646
1739357586.701,6.188958
1739357586.951,6.187677
1739357587.201,6.179989
1739357587.451,6.185114
1739357587.701,6.190239
1739357587.951,6.194083
1739357588.201,6.20177
1739357588.451,6.208177
1739357588.701,6.21202
1739357588.951,6.213302
1739357589.201,6.206895
1739357589.451,6.203052
1739357589.701,6.196646
1739357589.951,6.190239
1739357590.201,6.185114
1739357590.451,6.183833
1739357590.701,6.172302
1739357590.951,6.163333
1739357591.201,6.172302
1739357591.451,6.164614
1739357591.701,6.164614
1739357591.951,6.159489
1739357592.201,6.153083
1739357592.451,6.146677
1739357592.701,6.151802
1739357592.951,6.147958
1739357593.201,6.137708
1739357593.451,6.142833
1739357593.701,6.159489
1739357593.951,6.191521
1739357594.201,6.246614
1739357594.451,6.292739
1739357594.701,6.342709
1739357594.951,6.379865
1739357595.201,6.408052
1739357595.451,6.414459
1739357595.701,6.429238
1739357595.951,6.425394
1739357596.201,6.420269
1739357596.451,6.408738
1739357596.701,6.399769
1739357596.951,6.38055
1739357597.201,6.367738
1739357597.451,6.358769
1739357597.701,6.345956
1739357597.951,6.36005
1739357598.201,6.338269
1739357598.451,6.330581
1739357598.701,6.328019
1739357598.951,6.312644
1739357599.201,6.307518
1739357599.451,6.293425
1739357599.701,6.285738
1739357599.951,6.271644
1739357600.201,6.271644
1739357600.451,6.251143
1739357600.701,6.240893
1739357600.951,6.238331
1739357601.201,6.231925
1739357601.451,6.225518
1739357601.701,6.222956
1739357601.951,6.221675
1739357602.201,6.221675
1739357602.451,6.221675
1739357602.701,6.21655
1739357602.951,6.21655
1739357603.201,6.226799
1739357603.451,6.254987
1739357603.701,6.297269
1739357603.951,6.345956
1739357604.201,6.412581
1739357604.451,6.463832
1739357604.701,6.486894
1739357604.951,6.517644
1739357605.201,6.526613
1739357605.451,6.544551
1739357605.701,6.559926
1739357605.951,6.597082
1739357606.201,6.611176
1739357606.451,6.62527
1739357606.701,6.643207
1739357606.951,6.636801
1739357607.201,6.631676
1739357607.451,6.630394
1739357607.701,6.630394
1739357607.951,6.639363
1739357608.201,6.639363
1739357608.451,6.634238
1739357608.701,6.636801
1739357608.951,6.61502
1739357609.201,6.609895
1739357609.451,6.59452
1739357609.701,6.579144
1739357609.951,6.562488
1739357610.201,6.541988
1739357610.451,6.521488
1739357610.701,6.502269
1739357610.951,6.479207
1739357611.201,6.461269
1739357611.451,6.448457
1739357611.701,6.4318
1739357611.951,6.418988
1739357612.201,6.406175
1739357612.451,6.395925
1739357612.701,6.385675
1739357612.951,6.403613
1739357613.201,6.407456
1739357613.451,6.404894
1739357613.701,6.392081
1739357613.951,6.379269
1739357614.201,6.392081
1739357614.451,6.403613
1739357614.701,6.447176
1739357614.951,6.498425
1739357615.201,6.54327
1739357615.451,6.570176
1739357615.701,6.586832
1739357615.951,6.577863
1739357616.201,6.572738
1739357616.451,6.558644
1739357616.701,6.535582
1739357616.951,6.520207
1739357617.201,6.498425
1739357617.451,6.476644
1739357617.701,6.463832
1739357617.951,6.436925
1739357618.201,6.412581
1739357618.451,6.397206
1739357618.701,6.385675
1739357618.951,6.3703
1739357619.201,6.361331
1739357619.451,6.347238
1739357619.701,6.335706
1739357619.951,6.333144
1739357620.201,6.328019
1739357620.451,6.330581
1739357620.701,6.317769
1739357620.951,6.316487
1739357621.201,6.310081
1739357621.451,6.311362
1739357621.701,6.307518
1739357621.951,6.311362
1739357622.201,6.307518
1739357622.451,6.303675
1739357622.701,6.303675
1739357622.951,6.310081
1739357623.201,6.31905
1739357623.451,6.321612
1739357623.701,6.338269
1739357623.951,6.342113
1739357624.201,6.352363
1739357624.451,6.361331
1739357624.701,6.351081
1739357624.951,6.365175
1739357625.201,6.36005
1739357625.451,6.374144
1739357625.701,6.394644
1739357625.951,6.416425
1739357626.201,6.430519
1739357626.451,6.465113
1739357626.701,6.476644
1739357626.951,6.489457
1739357627.201,6.498425
1739357627.451,6.497144
1739357627.701,6.502269
1739357627.951,6.521488
1739357628.201,6.544551
1739357628.451,6.570176
1739357628.701,6.595801
1739357628.951,6.622707
1739357629.201,6.649613
1739357629.451,6.653457
1739357629.701,6.648332
1739357629.951,6.640645
1739357630.201,6.629113
1739357630.451,6.630394
1739357630.701,6.599645
1739357630.951,6.591957
1739357631.201,6.575301
1739357631.451,6.538145
1739357631.701,6.504832
1739357631.951,6.476644
1739357632.201,6.436925
1739357632.451,6.434363
1739357632.701,6.415144
1739357632.951,6.402331
1739357633.201,6.416425
1739357633.451,6.404894
1739357633.701,6.413863
1739357633.951,6.429238
1739357634.201,6.408738
1739357634.451,6.408738
1739357634.701,6.398488
1739357634.951,6.3908
1739357635.201,6.386956
1739357635.451,6.374144
1739357635.701,6.366457
1739357635.951,6.358769
1739357636.201,6.36005
1739357636.451,6.345956
1739357636.701,6.340831
1739357636.951,6.338269
1739357637.201,6.335706
1739357637.451,6.338269
1739357637.701,6.328019
1739357637.951,6.322894
1739357638.201,6.321612
1739357638.451,6.321612
1739357638.701,6.31905
1739357638.951,6.310081
1739357639.201,6.311362
1739357639.451,6.303675
1739357639.701,6.294706
1739357639.951,6.292144
1739357640.201,6.2883
1739357640.451,6.281894
1739357640.701,6.27805
1739357640.951,6.27805
1739357641.201,6.27805
1739357641.451,6.285738
1739357641.701,6.279331
1739357641.951,6.293425
1739357642.201,6.294706
1739357642.451,6.294706
1739357642.701,6.297269
1739357642.951,6.297269
1739357643.201,6.29855
1739357643.451,6.293425
1739357643.701,6.294706
1739357643.951,6.293425
1739357644.201,6.287019
1739357644.451,6.281894
1739357644.701,6.283175
1739357644.951,6.283175
1739357645.201,6.276769
1739357645.451,6.276769
1739357645.701,6.272925
1739357645.951,6.281894
1739357646.201,6.270362
1739357646.451,6.276769
1739357646.701,6.27805
1739357646.951,6.283175
1739357647.201,6.276769
1739357647.451,6.27805
1739357647.701,6.283175
1739357647.951,6.292144
1739357648.201,6.307518
1739357648.451,6.307518
1739357648.701,6.313925
1739357648.951,6.321612
1739357649.201,6.322894
1739357649.451,6.322894
1739357649.701,6.328019
1739357649.951,6.336987
1739357650.201,6.335706
1739357650.451,6.334425
1739357650.701,6.336987
1739357650.951,6.33955
1739357651.201,6.342113
1739357651.451,6.340831
1739357651.701,6.345956
1739357651.951,6.33955
1739357652.201,6.335706
1739357652.451,6.325456
1739357652.701,6.3293
1739357652.951,6.320331
1739357653.201,6.3293
1739357653.451,6.326737
1739357653.701,6.322894
1739357653.951,6.326737
1739357654.201,6.325456
1739357654.451,6.316487
1739357654.701,6.324175
1739357654.951,6.325456
1739357655.201,6.322894
1739357655.451,6.322894
1739357655.701,6.321612
1739357655.951,6.320331
1739357656.201,6.315206
1739357656.451,6.320331
1739357656.701,6.326737
1739357656.951,6.322894
1739357657.201,6.324175
1739357657.451,6.326737
1739357657.701,6.33955
1739357657.951,6.388237
1739357658.201,6.386956
1739357658.451,6.383113
1739357658.701,6.3908
1739357658.951,6.402331
1739357659.201,6.406175
1739357659.451,6.408738
1739357659.701,6.410019
1739357659.951,6.408738
1739357660.201,6.410019
1739357660.451,6.403613
1739357660.701,6.404894
1739357660.951,6.3908
1739357661.201,6.384394
1739357661.451,6.376707
1739357661.701,6.376707
1739357661.951,6.369019
1739357662.201,6.365175
1739357662.451,6.36005
1739357662.701,6.354925
1739357662.951,6.36005
1739357663.201,6.362613
1739357663.451,6.361331
1739357663.701,6.361331
1739357663.951,6.357488
1739357664.201,6.357488
1739357664.451,6.354925
1739357664.701,6.352363
1739357664.951,6.353644
1739357665.201,6.371582
1739357665.451,6.365175
1739357665.701,6.367738
1739357665.951,6.376707
1739357666.201,6.389519
1739357666.451,6.375425
1739357666.701,6.375425
1739357666.951,6.371582
1739357667.201,6.365175
1739357667.451,6.3703
1739357667.701,6.367738
1739357667.951,6.362613
1739357668.201,6.362613
1739357668.451,6.361331
1739357668.701,6.353644
1739357668.951,6.352363
1739357669.201,6.348519
1739357669.451,6.345956
1739357669.701,6.3498
1739357669.951,6.352363
1739357670.201,6.348519
1739357670.451,6.3498
1739357670.701,6.342113
1739357670.951,6.344675
1739357671.201,6.342113
1739357671.451,6.351081
1739357671.701,6.347238
1739357671.951,6.342113
1739357672.201,6.345956
1739357672.451,6.347238
1739357672.701,6.33955
1739357672.951,6.342113
1739357673.201,6.342113
1739357673.451,6.345956
1739357673.701,6.352363
1739357673.951,6.365175
1739357674.201,6.379269
1739357674.451,6.379269
1739357674.701,6.375425
1739357674.951,6.379269
1739357675.201,6.381832
1739357675.451,6.376707
1739357675.701,6.367738
1739357675.951,6.374144
1739357676.201,6.367738
1739357676.451,6.363894
1739357676.701,6.362613
1739357676.951,6.372863
1739357677.201,6.371582
1739357677.451,6.365175
1739357677.701,6.365175
1739357677.951,6.375425
1739357678.201,6.367738
1739357678.451,6.361331
1739357678.701,6.362613
1739357678.951,6.362613
1739357679.201,6.365175
1739357679.451,6.358769
1739357679.701,6.352363
1739357679.951,6.352363
1739357680.201,6.3498
1739357680.451,6.352363
1739357680.701,6.347238
1739357680.951,6.353644
1739357681.201,6.36005
1739357681.451,6.358769
1739357681.701,6.358769
1739357681.951,6.361331
1739357682.201,6.353644
1739357682.451,6.3498
1739357682.701,6.347238
1739357682.951,6.344675
1739357683.201,6.344675
1739357683.451,6.342113
1739357683.701,6.333144
1739357683.951,6.331862
1739357684.201,6.328019
1739357684.451,6.328019
1739357684.701,6.328019
1739357684.951,6.326737
1739357685.201,6.326737
1739357685.451,6.331862
1739357685.701,6.336987
1739357685.951,6.334425
1739357686.201,6.334425
1739357686.451,6.334425
1739357686.701,6.333144
1739357686.951,6.328019
1739357687.201,6.33955
1739357687.451,6.33955
1739357687.701,6.335706
1739357687.951,6.331862
1739357688.201,6.326737
1739357688.451,6.320331
1739357688.701,6.3293
1739357688.951,6.330581
1739357689.201,6.335706
1739357689.451,6.343394
1739357689.701,6.342113
1739357689.951,6.340831
1739357690.201,6.343394
1739357690.451,6.338269
1739357690.701,6.335706
1739357690.951,6.33955
1739357691.201,6.338269
1739357691.451,6.338269
1739357691.701,6.333144
1739357691.951,6.330581
1739357692.201,6.330581
1739357692.451,6.331862
1739357692.701,6.3293
1739357692.951,6.336987
1739357693.201,6.333144
1739357693.451,6.3293
1739357693.701,6.326737
1739357693.951,6.328019
1739357694.201,6.324175
1739357694.451,6.31905
1739357694.701,6.321612
1739357694.951,6.325456
1739357695.201,6.322894
1739357695.451,6.336987
1739357695.701,6.315206
1739357695.951,6.315206
1739357696.201,6.311362
1739357696.451,6.307518
1739357696.701,6.304956
1739357696.951,6.302394
1739357697.201,6.295988
1739357697.451,6.299831
1739357697.701,6.303675
1739357697.951,6.304956
1739357698.201,6.312644
1739357698.451,6.3088
1739357698.701,6.306237
1739357698.951,6.299831
1739357699.201,6.301113
1739357699.451,6.295988
1739357699.701,6.294706
1739357699.951,6.293425
1739357700.201,6.294706
1739357700.451,6.289581
1739357700.701,6.2883
1739357700.951,6.295988
1739357701.201,6.301113
1739357701.451,6.299831
1739357701.701,6.29855
1739357701.951,6.29855
1739357702.201,6.297269
1739357702.451,6.294706
1739357702.701,6.292144
1739357702.951,6.292144
1739357703.201,6.285738
1739357703.451,6.283175
1739357703.701,6.27805
1739357703.951,6.27805
1739357704.201,6.280612
1739357704.451,6.281894
1739357704.701,6.271644
1739357704.951,6.275487
1739357705.201,6.27805
1739357705.451,6.280612
1739357705.701,6.283175
1739357705.951,6.292144
1739357706.201,6.293425
1739357706.451,6.295988
1739357706.701,6.294706
1739357706.951,6.294706
1739357707.201,6.2883
1739357707.451,6.281894
1739357707.701,6.274206
1739357707.951,6.274206
1739357708.201,6.281894
1739357708.451,6.274206
1739357708.701,6.270362
1739357708.951,6.269081
1739357709.201,6.262675
1739357709.451,6.266519
1739357709.701,6.270362
1739357709.951,6.265237
1739357710.201,6.265237
1739357710.451,6.262675
1739357710.701,6.260112
1739357710.951,6.25755
1739357711.201,6.25755
1739357711.451,6.261394
1739357711.701,6.252425
1739357711.951,6.256269
1739357712.201,6.244737
1739357712.451,6.244737
1739357712.701,6.242175
1739357712.951,6.242175
1739357713.201,6.234487
1739357713.451,6.240893
1739357713.701,6.239612
1739357713.951,6.242175
1739357714.201,6.246018
1739357714.451,6.243456
1739357714.701,6.23705
1739357714.951,6.234487
1739357715.201,6.234487
1739357715.451,6.226799
1739357715.701,6.225518
1739357715.951,6.221675
1739357716.201,6.215269
1739357716.451,6.217831
1739357716.701,6.217831
1739357716.951,6.215269
1739357717.201,6.21655
1739357717.451,6.21655
1739357717.701,6.217831
1739357717.951,6.224237
1739357718.201,6.219112
1739357718.451,6.213987
1739357718.701,6.212706
1739357718.951,6.215269
1739357719.201,6.203737
1739357719.451,6.199893
1739357719.701,6.201175
1739357719.951,6.205019
1739357720.201,6.19605
1739357720.451,6.193487
1739357720.701,6.197331
1739357720.951,6.202456
1739357721.201,6.198612
1739357721.451,6.202456
1739357721.701,6.202456
1739357721.951,6.202456
1739357722.201,6.199893
1739357722.451,6.19605
1739357722.701,6.19605
1739357722.951,6.183237
1739357723.201,6.181956
1739357723.451,6.176831
1739357723.701,6.174268
1739357723.951,6.171706
1739357724.201,6.170424
1739357724.451,6.179393
1739357724.701,6.172987
1739357724.951,6.17555
1739357725.201,6.172987
1739357725.451,6.174268
1739357725.701,6.17555
1739357725.951,6.167862
1739357726.201,6.171706
1739357726.451,6.170424
1739357726.701,6.169143
1739357726.951,6.171706
1739357727.201,6.162737
1739357727.451,6.157612
1739357727.701,6.155049
1739357727.951,6.151206
1739357728.201,6.148643
1739357728.451,6.152487
1739357728.701,6.151206
1739357728.951,6.152487
1739357729.201,6.153768
1739357729.451,6.14608
1739357729.701,6.149924
1739357729.951,6.149924
1739357730.201,6.147362
1739357730.451,6.142237
1739357730.701,6.140956
1739357730.951,6.138393
1739357731.201,6.129425
1739357731.451,6.126862
1739357731.701,6.125581
1739357731.951,6.123018
1739357732.201,6.121737
1739357732.451,6.115331
1739357732.701,6.120456
1739357732.951,6.123018
1739357733.201,6.129425
1739357733.451,6.138393
1739357733.701,6.13455
1739357733.951,6.133268
1739357734.201,6.135831
1739357734.451,6.13455
1739357734.701,6.130706
1739357734.951,6.125581
1739357735.201,6.121737
1739357735.451,6.120456
1739357735.701,6.116612
1739357735.951,6.1243
1739357736.201,6.112768
1739357736.451,6.117893
1739357736.701,6.112768
1739357736.951,6.1243
1739357737.201,6.115331
1739357737.451,6.119174
1739357737.701,6.112768
1739357737.951,6.110206
1739357738.201,6.110206
1739357738.451,6.108924
1739357738.701,6.108924
1739357738.951,6.111487
1739357739.201,6.101237
1739357739.451,6.094831
1739357739.701,6.092268
1739357739.951,6.093549
1739357740.201,6.102518
1739357740.451,6.107643
1739357740.701,6.099956
1739357740.951,6.099956
1739357741.201,6.097393
1739357741.451,6.099956
1739357741.701,6.103799
1739357741.951,6.102518
1739357742.201,6.103799
1739357742.451,6.102518
1739357742.701,6.106362
1739357742.951,6.105081
1739357743.201,6.098674
1739357743.451,6.097393
1739357743.701,6.096112
1739357743.951,6.096112
1739357744.201,6.090987